CrewID,Name,Role,FlightNumber,Certification,FlightHours,DutyHours,Legal,ViolationReason
5a150cd4-74c8-48ba-92cb-44d4205744e8,Reese Smith,Captain,UA5735,A321,3.9,5.4,True,
a0604c1b-d9e5-4606-8b46-e634c7276546,Jamie Smith,First Officer,UA5735,B787,3.9,5.4,True,
4ec46c98-9262-4d59-922d-4ed41d4f7d61,Alex Lee,Flight Attendant,UA5735,A321,3.9,5.4,True,
42652c93-be6c-4003-abde-b664d6a8180d,Jamie Lee,Flight Attendant,UA5735,CRJ900,3.9,5.4,True,
e2b26264-d6b6-42ee-9b21-38aa527d6e1e,Taylor Garcia,Flight Attendant,UA5735,B787,3.9,5.4,True,
7f332316-25da-4399-bb84-8b8d09c64c23,Casey Davis,Flight Attendant,UA5735,B737,3.9,5.4,True,
73d02ca7-77b2-46c2-8312-668b3e4098a8,Jordan Johnson,Captain,UA6025,B737,4.3,5.8,True,
3e1ee32b-d01f-4a68-84c0-3c72be49caa6,Casey Lee,First Officer,UA6025,CRJ900,4.3,5.8,True,
a6c078c5-84a6-486b-b3bf-b1cd03d8640a,Jordan Lee,Flight Attendant,UA6025,A320,4.3,5.8,True,
8a352e0d-a1f5-4e90-9f45-0ca146640514,Jamie Smith,Flight Attendant,UA6025,B737,4.3,5.8,True,
d841cff9-3f28-444f-9d12-950e7cb0186a,Alex Lee,Flight Attendant,UA6025,CRJ900,4.3,5.8,True,
12e9eb79-a4b1-4ee3-b2bc-87d7487c5745,Casey Johnson,Captain,UA4654,B737,2.4,3.9,True,
bc5cae64-8731-471b-a345-069f4dc9e5aa,Reese Smith,First Officer,UA4654,A320,2.4,3.9,True,
798e29ec-bafe-404f-b889-752bd49b8302,Jordan Garcia,Flight Attendant,UA4654,B737,2.4,3.9,True,
ea764687-ecf6-4ecf-9c66-0f47bb281d1f,Alex Brown,Flight Attendant,UA4654,A320,2.4,3.9,True,
d7933a79-bfdd-4fe2-a081-63ad44329082,Taylor Garcia,Flight Attendant,UA4654,A321,2.4,3.9,True,
86fed72e-fced-4ba7-bf75-5f2ed5e20b82,Taylor Martinez,Flight Attendant,UA4654,B787,2.4,3.9,True,
dbb77972-f21f-4995-8951-552464beb541,Casey Garcia,Flight Attendant,UA4654,B787,2.4,3.9,True,
47f22ff8-d920-483f-a6bc-ba218e8d32ed,Morgan Brown,Flight Attendant,UA4654,CRJ900,2.4,3.9,True,
5a150cd4-74c8-48ba-92cb-44d4205744e8,Reese Smith,Captain,UA1269,B787,7.63,10.63,True,
a0604c1b-d9e5-4606-8b46-e634c7276546,Jamie Smith,First Officer,UA1269,A321,7.63,10.63,True,
4ec46c98-9262-4d59-922d-4ed41d4f7d61,Alex Lee,Flight Attendant,UA1269,B737,7.63,10.63,True,
42652c93-be6c-4003-abde-b664d6a8180d,Jamie Lee,Flight Attendant,UA1269,A320,7.63,10.63,True,
e2b26264-d6b6-42ee-9b21-38aa527d6e1e,Taylor Garcia,Flight Attendant,UA1269,CRJ900,7.63,10.63,True,
7f332316-25da-4399-bb84-8b8d09c64c23,Casey Davis,Flight Attendant,UA1269,A321,7.63,10.63,True,
798e29ec-bafe-404f-b889-752bd49b8302,Jordan Garcia,Flight Attendant,UA1269,B787,6.13,9.13,True,
d37c2a78-42ff-4ea6-988d-bd6597e8f778,Morgan Smith,Captain,UA9225,B787,4.73,6.23,True,
3c06d598-7133-4be0-8509-886338f76d19,Jamie Lee,First Officer,UA9225,A320,4.73,6.23,True,
0b1d6ed1-9403-4ee8-a60c-24cf99ca0227,Casey Garcia,Flight Attendant,UA9225,B737,4.73,6.23,True,
ccb648b3-9c6d-4959-8080-f98c38b450b0,Morgan Johnson,Flight Attendant,UA9225,A321,4.73,6.23,True,
9cbd47b4-e159-4a49-8845-a3a5a0fd45d9,Taylor Brown,Flight Attendant,UA9225,A320,4.73,6.23,True,
a54a0d59-931d-491a-9d2a-ad511792f529,Casey Garcia,Flight Attendant,UA9225,B787,4.73,6.23,True,
f1de06f8-ccb7-4869-b6bf-694898900caa,Taylor Smith,Flight Attendant,UA9225,A321,4.73,6.23,True,
60fd39f5-82a1-4320-984f-50e5c33d0d33,Avery Brown,Flight Attendant,UA9225,A320,4.73,6.23,True,
c9667951-f1a4-484f-98d4-f05b5b8d493c,Morgan Martinez,Captain,UA9392,A320,2.22,3.72,True,
2df4c283-4b3c-49a3-8c42-8747ffebbf5e,Alex Martinez,First Officer,UA9392,A321,2.22,3.72,True,
49f0985a-8992-46dd-b743-05bed0a6c0d5,Reese Lee,Flight Attendant,UA9392,A320,2.22,3.72,True,
6edb4430-b66c-44c6-9d15-ae3ef7e339c6,Alex Lee,Flight Attendant,UA9392,A320,2.22,3.72,True,
bbcd4605-dbb2-4de3-a113-380fdf5adf2b,Avery Lee,Flight Attendant,UA9392,B787,2.22,3.72,True,
d83b5633-1abc-4dae-8f00-81a982a96385,Morgan Martinez,Flight Attendant,UA9392,A320,2.22,3.72,True,
de66b51c-1e46-4b3f-8e99-e42b1c30cb37,Taylor Lee,Flight Attendant,UA9392,B737,2.22,3.72,True,
075e0faf-8faa-488d-9ba8-8ce40c756a3b,Taylor Davis,Captain,UA9297,A320,2.25,3.75,True,
ea95aea7-236b-4103-87b4-a3486f68784a,Jamie Davis,First Officer,UA9297,CRJ900,2.25,3.75,True,
fece3b09-4437-492b-8318-28fc0a5670a3,Avery Lee,Flight Attendant,UA9297,A320,2.25,3.75,True,
6c2eb6c4-6ddc-467c-bea1-a4495663fa62,Jordan Johnson,Flight Attendant,UA9297,A320,2.25,3.75,True,
cf73ba11-9f9a-4575-ba30-8bc5bbce470b,Reese Smith,Flight Attendant,UA9297,A320,2.25,3.75,True,
03437289-b570-477d-b7b6-65029af913ac,Morgan Davis,Flight Attendant,UA9297,A321,2.25,3.75,True,
95c5bae9-07f0-42eb-9089-be61cc55e03c,Jamie Smith,Flight Attendant,UA9297,B787,2.25,3.75,True,
7e9c906b-123d-4bc1-b74d-5f5158bdc565,Morgan Garcia,Flight Attendant,UA9297,A321,2.25,3.75,True,
8981c196-2ba1-4874-94d9-803914d629f8,Taylor Martinez,Captain,UA8185,A320,2.53,4.03,True,
2ba93e5c-9b0c-4834-b9ea-e074218de736,Jamie Davis,First Officer,UA8185,B737,2.53,4.03,True,
0282a46e-fd8e-4676-954f-b83a34c49ffd,Morgan Brown,Flight Attendant,UA8185,B737,2.53,4.03,True,
9b562ce3-ebba-4223-804a-0d7732574fab,Casey Garcia,Flight Attendant,UA8185,A321,2.53,4.03,True,
6ac23210-9626-4c80-b8d4-9022adb8f11e,Avery Davis,Flight Attendant,UA8185,B787,2.53,4.03,True,
a47535f1-5a81-4c7f-ae77-a2974d28738b,Jamie Brown,Flight Attendant,UA8185,A320,2.53,4.03,True,
754a7e7c-f420-4da8-864b-a0bbae1ae57e,Morgan Davis,Flight Attendant,UA8185,A320,2.53,4.03,True,
a195333e-7d5c-4cf7-8076-ff77aba72cf1,Morgan Lee,Captain,UA7768,A321,3.63,5.13,True,
9652b70f-f9f3-46ba-bc43-119c7f06ff12,Taylor Davis,First Officer,UA7768,B737,3.63,5.13,True,
aad97c21-dd98-462f-8b47-ced868a4caac,Reese Smith,Flight Attendant,UA7768,A321,3.63,5.13,True,
c7ddf91c-1fcf-41a5-bacf-14c5b2510abe,Reese Johnson,Flight Attendant,UA7768,A321,3.63,5.13,True,
37804b00-500e-4800-8787-c291f56403ee,Avery Lee,Flight Attendant,UA7768,B737,3.63,5.13,True,
288d7674-8874-45f7-957a-def3a5273624,Jordan Brown,Flight Attendant,UA7768,B787,3.63,5.13,True,
0e300b2d-32ad-4bba-9c8a-e32c8de75390,Taylor Johnson,Flight Attendant,UA7768,CRJ900,3.63,5.13,True,
151f4ad8-eace-4856-aa58-b6626c9c65ee,Jordan Davis,Captain,UA1927,A321,4.35,5.85,True,
eeff3009-8fae-4311-9027-01bf70840160,Jordan Garcia,First Officer,UA1927,A321,4.35,5.85,True,
5cb5887c-5ac0-4af8-828f-4620a691dd8e,Avery Garcia,Flight Attendant,UA1927,CRJ900,4.35,5.85,True,
dac27c3c-47cb-4336-92f8-282fc8edf606,Alex Johnson,Flight Attendant,UA1927,A320,4.35,5.85,True,
dc0378cd-e23b-41b8-985c-8c1370a95cf1,Taylor Davis,Flight Attendant,UA1927,A321,4.35,5.85,True,
4b3cc733-45de-4df8-8a7a-bad4b08e5c8b,Taylor Smith,Flight Attendant,UA1927,A321,4.35,5.85,True,
73d02ca7-77b2-46c2-8312-668b3e4098a8,Jordan Johnson,Captain,UA4989,B737,7.22,10.22,True,
3e1ee32b-d01f-4a68-84c0-3c72be49caa6,Casey Lee,First Officer,UA4989,B787,7.22,10.22,True,
a6c078c5-84a6-486b-b3bf-b1cd03d8640a,Jordan Lee,Flight Attendant,UA4989,B787,7.22,10.22,True,
8a352e0d-a1f5-4e90-9f45-0ca146640514,Jamie Smith,Flight Attendant,UA4989,CRJ900,7.22,10.22,True,
d841cff9-3f28-444f-9d12-950e7cb0186a,Alex Lee,Flight Attendant,UA4989,A320,7.22,10.22,True,
f8db5f3a-3603-49b1-948b-fbe2fb882fd8,Jordan Davis,Captain,UA8105,A320,4.33,5.83,True,
ecbd81e8-8210-486d-bca0-362890b0772a,Jordan Garcia,First Officer,UA8105,B787,4.33,5.83,True,
a84d98ec-643c-4cba-831d-94ebcf962e0a,Jordan Davis,Flight Attendant,UA8105,B737,4.33,5.83,True,
197b0825-5e1b-4775-8294-517c3b04d36e,Alex Garcia,Flight Attendant,UA8105,B737,4.33,5.83,True,
62b381e6-3c14-44a7-9775-c828437cb935,Morgan Lee,Flight Attendant,UA8105,A320,4.33,5.83,True,
f8db5f3a-3603-49b1-948b-fbe2fb882fd8,Jordan Davis,Captain,UA8062,B737,6.42,9.42,True,
ecbd81e8-8210-486d-bca0-362890b0772a,Jordan Garcia,First Officer,UA8062,B787,6.42,9.42,True,
a84d98ec-643c-4cba-831d-94ebcf962e0a,Jordan Davis,Flight Attendant,UA8062,A321,6.42,9.42,True,
197b0825-5e1b-4775-8294-517c3b04d36e,Alex Garcia,Flight Attendant,UA8062,A320,6.42,9.42,True,
62b381e6-3c14-44a7-9775-c828437cb935,Morgan Lee,Flight Attendant,UA8062,CRJ900,6.42,9.42,True,
11361da7-3a4f-438b-8a0e-1a645533dc2c,Taylor Davis,Flight Attendant,UA8062,CRJ900,2.08,3.58,True,
17d85dfd-70c5-4236-b696-2803ef8ae572,Jamie Smith,Flight Attendant,UA8062,A320,2.08,3.58,True,
c699c6f6-1560-4ef8-a8bb-82bf1a2aeabb,Taylor Lee,Captain,UA7032,A320,4.92,6.42,True,
df75652f-1a7a-41b5-be97-2b8f8d0f3d3b,Jordan Martinez,First Officer,UA7032,A321,4.92,6.42,True,
dc9d6633-ac99-437e-8beb-33c5dcfcf45e,Alex Garcia,Flight Attendant,UA7032,B787,4.92,6.42,True,
c8a47590-e94e-46dc-9077-5f48f4157e5f,Reese Brown,Flight Attendant,UA7032,B737,4.92,6.42,True,
77a12048-f05d-4c2f-b5d4-88c55d222166,Reese Smith,Flight Attendant,UA7032,B737,4.92,6.42,True,
14fca47c-9de0-4142-8dff-8314136ab615,Reese Lee,Captain,UA8579,A320,3.95,5.45,True,
f55df6c9-c517-41ca-818f-87cfd2b5695b,Morgan Johnson,First Officer,UA8579,B787,3.95,5.45,True,
1a6fcc37-f89f-409f-8a1d-83572b9c62eb,Jamie Brown,Flight Attendant,UA8579,CRJ900,3.95,5.45,True,
88eb76d6-deb0-4e24-81cb-9b1d20ae379f,Alex Brown,Flight Attendant,UA8579,A321,3.95,5.45,True,
750b7d8c-d0be-456c-aad2-1aebbdab70e1,Jamie Lee,Flight Attendant,UA8579,B737,3.95,5.45,True,
b4ba2f0e-4423-4568-8ce4-e7e7a4ed59a5,Casey Garcia,Flight Attendant,UA8579,CRJ900,3.95,5.45,True,
e9ad11cb-0d8d-4a33-90c9-94a21d69bde5,Casey Johnson,Flight Attendant,UA8579,A320,3.95,5.45,True,
19dd5162-0f1c-4e12-b99f-85a93a04335c,Casey Martinez,Captain,UA3708,A320,2.62,4.12,True,
c76e4b0e-e2c1-4e60-a37c-7f93a685effb,Jordan Garcia,First Officer,UA3708,CRJ900,2.62,4.12,True,
64a9edf4-3a50-4cbf-942b-bca9498e5f9a,Casey Martinez,Flight Attendant,UA3708,CRJ900,2.62,4.12,True,
22c9fa78-9614-40e4-9568-b54f46fcb428,Jamie Martinez,Flight Attendant,UA3708,B787,2.62,4.12,True,
2747efa1-857e-4625-9c12-40cb8f6c04a0,Jamie Martinez,Flight Attendant,UA3708,A321,2.62,4.12,True,
3a29255d-4b06-4f26-abff-283157e05f9f,Jordan Martinez,Flight Attendant,UA3708,B787,2.62,4.12,True,
93cb3042-5ada-444b-928b-4c9e5969b7dc,Casey Johnson,Captain,UA4662,A320,4.25,5.75,True,
2606f8a2-ca5d-4634-b866-358207f78a39,Taylor Martinez,First Officer,UA4662,A320,4.25,5.75,True,
6e68afcd-f2c8-409b-b67e-c245a59b1180,Avery Martinez,Flight Attendant,UA4662,A320,4.25,5.75,True,
5ff4fb02-0335-4bf1-bfde-16ea32990897,Avery Johnson,Flight Attendant,UA4662,A320,4.25,5.75,True,
9206950d-fdf4-4e2c-88f2-e183acaf78c2,Taylor Smith,Flight Attendant,UA4662,B737,4.25,5.75,True,
abbb88b4-7988-4395-83df-81106319ab53,Morgan Martinez,Captain,UA1645,B737,3.2,4.7,True,
1f245bf5-5437-423a-b1c0-339ad80e3d1d,Jordan Garcia,First Officer,UA1645,A320,3.2,4.7,True,
086351f5-5557-49b3-8c76-4c434037ac41,Casey Davis,Flight Attendant,UA1645,A320,3.2,4.7,True,
1595ca47-b6da-4046-b1ce-909c092bb04c,Alex Johnson,Flight Attendant,UA1645,CRJ900,3.2,4.7,True,
3ede0c00-be81-49fd-bc57-49a9c693e9d3,Jamie Smith,Flight Attendant,UA1645,CRJ900,3.2,4.7,True,
d73d46fd-9fd6-4f55-8126-4fae611bf849,Jordan Garcia,Flight Attendant,UA1645,B787,3.2,4.7,True,
20ca5182-14be-454a-a97b-8a2321e24c44,Alex Smith,Captain,UA1712,A321,4.68,6.18,True,
b66eb9b7-6944-4308-8897-925bbb5496af,Casey Brown,First Officer,UA1712,A321,4.68,6.18,True,
386562cd-0aaa-4041-875d-8df1c5b75c9f,Casey Davis,Flight Attendant,UA1712,CRJ900,4.68,6.18,True,
b751e065-8ad1-4bbd-9296-8359c5bd7b43,Jamie Lee,Flight Attendant,UA1712,CRJ900,4.68,6.18,True,
10e4a630-9ec0-411a-a7a1-6daf5550ae9a,Reese Garcia,Flight Attendant,UA1712,B737,4.68,6.18,True,
1e261bab-1da2-4171-a373-4fbc2da0b1c6,Taylor Martinez,Flight Attendant,UA1712,B737,4.68,6.18,True,
21cb0f6b-08e9-4362-8714-4ab0b3a1ff55,Reese Brown,Flight Attendant,UA1712,B737,4.68,6.18,True,
4038a186-378d-46fa-b446-43f505b9e204,Jamie Lee,Flight Attendant,UA1712,B787,4.68,6.18,True,
93cb3042-5ada-444b-928b-4c9e5969b7dc,Casey Johnson,Captain,UA7012,CRJ900,7.38,10.38,True,
2606f8a2-ca5d-4634-b866-358207f78a39,Taylor Martinez,First Officer,UA7012,B787,7.38,10.38,True,
6e68afcd-f2c8-409b-b67e-c245a59b1180,Avery Martinez,Flight Attendant,UA7012,A321,7.38,10.38,True,
5ff4fb02-0335-4bf1-bfde-16ea32990897,Avery Johnson,Flight Attendant,UA7012,A320,7.38,10.38,True,
9206950d-fdf4-4e2c-88f2-e183acaf78c2,Taylor Smith,Flight Attendant,UA7012,A321,7.38,10.38,True,
386562cd-0aaa-4041-875d-8df1c5b75c9f,Casey Davis,Flight Attendant,UA7012,B737,7.82,10.82,True,
e1c05794-c520-452b-a7e9-8c53929196f2,Jordan Garcia,Captain,UA341,A321,4.57,6.07,True,
05cd4d85-677e-4f0c-8bb0-2457b4df6916,Avery Brown,First Officer,UA341,CRJ900,4.57,6.07,True,
958beee7-0cda-498e-833e-979ea6324562,Morgan Davis,Flight Attendant,UA341,B737,4.57,6.07,True,
09a13b7a-08c3-44ab-a2f9-6bd5bd2d6558,Avery Lee,Flight Attendant,UA341,B737,4.57,6.07,True,
1033546c-596d-442b-995a-ad1fa80965a1,Morgan Garcia,Flight Attendant,UA341,B787,4.57,6.07,True,
c2739b9c-a47e-411f-8ab8-71b9ef09bedd,Alex Johnson,Flight Attendant,UA341,A320,4.57,6.07,True,
68dccb36-cc92-42b9-9278-1204fa9aa2bd,Casey Garcia,Flight Attendant,UA341,CRJ900,4.57,6.07,True,
8beeebdf-b1cc-4b62-af89-fabcb4f97d03,Morgan Lee,Captain,UA6309,B787,2.17,3.67,True,
8be43733-0da4-48b5-b3d1-fddd07ead971,Jamie Smith,First Officer,UA6309,A320,2.17,3.67,True,
18ecf2d2-8afa-4aed-ac81-c1b837aa7180,Jamie Smith,Flight Attendant,UA6309,A321,2.17,3.67,True,
3d09df65-e6f0-4776-8dc8-32a58c2495e0,Casey Lee,Flight Attendant,UA6309,B737,2.17,3.67,True,
05aa4e25-fae0-4add-91ac-a49b809266df,Morgan Martinez,Flight Attendant,UA6309,B787,2.17,3.67,True,
302f63bc-4629-4614-b55b-a72ea80e92a7,Morgan Martinez,Flight Attendant,UA6309,B787,2.17,3.67,True,
5ddcdc2a-cf2b-4e6f-9b4d-8dfa160cf1f3,Avery Johnson,Flight Attendant,UA6309,A320,2.17,3.67,True,
143fe05d-affa-4aff-acc9-6518cc8c7730,Avery Garcia,Captain,UA8073,B787,4.75,6.25,True,
00c1d14d-3f95-4608-a73f-413342d4a457,Morgan Smith,First Officer,UA8073,A321,4.75,6.25,True,
5387f841-ee59-4201-9d80-78cc0002c846,Alex Garcia,Flight Attendant,UA8073,A320,4.75,6.25,True,
42b5b078-ee2f-4039-9e43-eed9621112c7,Alex Garcia,Flight Attendant,UA8073,B787,4.75,6.25,True,
14905cfb-65fb-480d-b49f-ce6fb809d5f8,Avery Lee,Flight Attendant,UA8073,A321,4.75,6.25,True,
e98a64ac-0571-431c-9b1a-1b76e71f6e33,Avery Garcia,Flight Attendant,UA8073,B737,4.75,6.25,True,
5195c97f-a1bd-41f3-ad96-25a3c6cd9e62,Avery Brown,Flight Attendant,UA8073,B787,4.75,6.25,True,
447c545e-8868-4cad-b74d-8b05d2e4eaaa,Morgan Lee,Captain,UA1036,CRJ900,4.33,5.83,True,
03a7ac10-cd92-474d-80c3-27aa1e7362e1,Reese Brown,First Officer,UA1036,B787,4.33,5.83,True,
5a426944-1bcb-43c2-8a27-cadd9b5baab2,Morgan Smith,Flight Attendant,UA1036,B737,4.33,5.83,True,
112b1643-b819-4ef9-9f00-7cabe70c95ec,Morgan Martinez,Flight Attendant,UA1036,CRJ900,4.33,5.83,True,
29c58466-b5f7-4ebd-96d5-1fba646b24b2,Jordan Martinez,Flight Attendant,UA1036,B737,4.33,5.83,True,
f718cb11-4b37-4e9e-8663-2316ff7b1eab,Jamie Lee,Captain,UA9849,CRJ900,2.07,3.57,True,
f0ec246f-d3e6-4c5f-b4f2-4e8f1e805254,Jordan Lee,First Officer,UA9849,CRJ900,2.07,3.57,True,
9ddc50a0-4086-4fae-969e-9e858816cbc9,Alex Smith,Flight Attendant,UA9849,B737,2.07,3.57,True,
ea308113-5921-4a96-a551-0081dd61caf9,Casey Garcia,Flight Attendant,UA9849,A320,2.07,3.57,True,
411c5925-3e76-47b3-9e8a-c23cf3679519,Avery Garcia,Flight Attendant,UA9849,A320,2.07,3.57,True,
57ca89f4-66dc-4b96-a3b8-9a74cced9220,Reese Johnson,Flight Attendant,UA9849,B787,2.07,3.57,True,
6e30ce51-8550-4ce8-8d96-b38f3f2fbac4,Morgan Lee,Flight Attendant,UA9849,CRJ900,2.07,3.57,True,
f718cb11-4b37-4e9e-8663-2316ff7b1eab,Jamie Lee,Captain,UA1443,CRJ900,6.1,9.1,True,
f0ec246f-d3e6-4c5f-b4f2-4e8f1e805254,Jordan Lee,First Officer,UA1443,A321,6.1,9.1,True,
9ddc50a0-4086-4fae-969e-9e858816cbc9,Alex Smith,Flight Attendant,UA1443,A320,6.1,9.1,True,
ea308113-5921-4a96-a551-0081dd61caf9,Casey Garcia,Flight Attendant,UA1443,A320,6.1,9.1,True,
411c5925-3e76-47b3-9e8a-c23cf3679519,Avery Garcia,Flight Attendant,UA1443,A321,6.1,9.1,True,
57ca89f4-66dc-4b96-a3b8-9a74cced9220,Reese Johnson,Flight Attendant,UA1443,B787,6.1,9.1,True,
12e9eb79-a4b1-4ee3-b2bc-87d7487c5745,Casey Johnson,Captain,UA4010,A321,6.73,9.73,True,
bc5cae64-8731-471b-a345-069f4dc9e5aa,Reese Smith,First Officer,UA4010,CRJ900,6.73,9.73,True,
ea764687-ecf6-4ecf-9c66-0f47bb281d1f,Alex Brown,Flight Attendant,UA4010,B787,6.73,9.73,True,
d7933a79-bfdd-4fe2-a081-63ad44329082,Taylor Garcia,Flight Attendant,UA4010,B787,6.73,9.73,True,
86fed72e-fced-4ba7-bf75-5f2ed5e20b82,Taylor Martinez,Flight Attendant,UA4010,A320,6.73,9.73,True,
a796b045-c566-4495-8bdc-1b0577fa4fe0,Alex Brown,Captain,UA1738,A321,4.6,6.1,True,
e17a0dfc-4a5b-4159-8f37-814ecf08818d,Avery Martinez,First Officer,UA1738,A321,4.6,6.1,True,
6e30ce51-8550-4ce8-8d96-b38f3f2fbac4,Morgan Lee,Flight Attendant,UA1738,A320,6.67,9.67,True,
5458a635-7697-440f-99ad-5016cdefb68a,Taylor Lee,Flight Attendant,UA1738,B787,4.6,6.1,True,
bd9ee46b-4b87-4a3a-8978-9970401f2303,Jordan Smith,Flight Attendant,UA1738,A321,4.6,6.1,True,
f357c41d-87c7-4e93-bbca-965713b7c526,Jamie Brown,Flight Attendant,UA1738,B787,4.6,6.1,True,
72b1f8d6-ab1c-4d25-b7b0-eba56fe68edd,Alex Davis,Flight Attendant,UA1738,A321,4.6,6.1,True,
e34d662f-b72b-4db5-bfe8-28ef02382fdf,Morgan Brown,Captain,UA2684,B737,3.3,4.8,True,
b1c83858-91cd-4149-8367-1e50f9f3e31d,Taylor Lee,First Officer,UA2684,B787,3.3,4.8,True,
1d1a5063-1db8-4035-bf48-9a65fe84ae4c,Jamie Smith,Flight Attendant,UA2684,CRJ900,3.3,4.8,True,
b2ec6e75-9b20-4b65-9b9d-701870198f6e,Alex Brown,Flight Attendant,UA2684,A321,3.3,4.8,True,
c34d165c-4991-4e9f-920b-f371fd043622,Jamie Davis,Flight Attendant,UA2684,B737,3.3,4.8,True,
a3a4415f-7dfa-491e-ab59-1a055894cb78,Avery Garcia,Flight Attendant,UA2684,A321,3.3,4.8,True,
0760109e-8dbd-4ff0-866c-d8181363c20b,Jordan Martinez,Flight Attendant,UA2684,B737,3.3,4.8,True,
c9667951-f1a4-484f-98d4-f05b5b8d493c,Morgan Martinez,Captain,UA1797,A320,6.53,9.53,True,
2df4c283-4b3c-49a3-8c42-8747ffebbf5e,Alex Martinez,First Officer,UA1797,CRJ900,6.53,9.53,True,
dbb77972-f21f-4995-8951-552464beb541,Casey Garcia,Flight Attendant,UA1797,B737,6.72,9.72,True,
47f22ff8-d920-483f-a6bc-ba218e8d32ed,Morgan Brown,Flight Attendant,UA1797,B737,6.72,9.72,True,
49f0985a-8992-46dd-b743-05bed0a6c0d5,Reese Lee,Flight Attendant,UA1797,B787,6.53,9.53,True,
6edb4430-b66c-44c6-9d15-ae3ef7e339c6,Alex Lee,Flight Attendant,UA1797,A321,6.53,9.53,True,
8981c196-2ba1-4874-94d9-803914d629f8,Taylor Martinez,Captain,UA5717,A321,5.28,8.28,True,
2ba93e5c-9b0c-4834-b9ea-e074218de736,Jamie Davis,First Officer,UA5717,B787,5.28,8.28,True,
0282a46e-fd8e-4676-954f-b83a34c49ffd,Morgan Brown,Flight Attendant,UA5717,CRJ900,5.28,8.28,True,
9b562ce3-ebba-4223-804a-0d7732574fab,Casey Garcia,Flight Attendant,UA5717,B737,5.28,8.28,True,
6ac23210-9626-4c80-b8d4-9022adb8f11e,Avery Davis,Flight Attendant,UA5717,B787,5.28,8.28,True,
a47535f1-5a81-4c7f-ae77-a2974d28738b,Jamie Brown,Flight Attendant,UA5717,B787,5.28,8.28,True,
fc41608f-c80d-40f9-9e96-c2665144a173,Avery Johnson,Captain,UA4633,B737,4.45,5.95,True,
99c1932b-9a5d-49a9-a351-4b01fa900f5c,Jordan Lee,First Officer,UA4633,A320,4.45,5.95,True,
2bf661fe-5c82-43b6-9b5c-19c9b1ae2dbf,Jordan Martinez,Flight Attendant,UA4633,B737,4.45,5.95,True,
c5d9592f-c001-4fa9-9c79-f0d66f69ac32,Jamie Lee,Flight Attendant,UA4633,B787,4.45,5.95,True,
85b56d39-7d6f-41dd-b242-25740ca6d06b,Jordan Davis,Flight Attendant,UA4633,A320,4.45,5.95,True,
6455b943-91de-41ff-9358-4f527cc9d93f,Jordan Brown,Captain,UA9289,B737,4.45,5.95,True,
527bdb8d-643f-4851-9fae-871e3fb08364,Reese Brown,First Officer,UA9289,CRJ900,4.45,5.95,True,
92f5739f-747b-4867-b646-54f2061a01c6,Morgan Garcia,Flight Attendant,UA9289,A321,4.45,5.95,True,
37f99835-fdc6-407f-ab67-0d0fd5a8e573,Reese Lee,Flight Attendant,UA9289,A320,4.45,5.95,True,
3097c47a-47fb-46d8-97ad-c9b2c89830c5,Alex Martinez,Flight Attendant,UA9289,B737,4.45,5.95,True,
fc0cc55c-715b-4e7e-b2f5-df50c692ab89,Casey Martinez,Flight Attendant,UA9289,A321,4.45,5.95,True,
9c800cfc-d11e-4235-9722-45a5eb6b976e,Reese Smith,Flight Attendant,UA9289,B737,4.45,5.95,True,
6e8e0cae-ad83-4093-a0e2-2ec3bd8a996b,Morgan Garcia,Flight Attendant,UA9289,A320,4.45,5.95,True,
20ca5182-14be-454a-a97b-8a2321e24c44,Alex Smith,Captain,UA2188,A321,7.13,10.13,True,
b66eb9b7-6944-4308-8897-925bbb5496af,Casey Brown,First Officer,UA2188,CRJ900,7.13,10.13,True,
b751e065-8ad1-4bbd-9296-8359c5bd7b43,Jamie Lee,Flight Attendant,UA2188,B787,7.13,10.13,True,
10e4a630-9ec0-411a-a7a1-6daf5550ae9a,Reese Garcia,Flight Attendant,UA2188,A320,7.13,10.13,True,
1e261bab-1da2-4171-a373-4fbc2da0b1c6,Taylor Martinez,Flight Attendant,UA2188,B737,7.13,10.13,True,
21cb0f6b-08e9-4362-8714-4ab0b3a1ff55,Reese Brown,Flight Attendant,UA2188,A320,7.13,10.13,True,
4038a186-378d-46fa-b446-43f505b9e204,Jamie Lee,Flight Attendant,UA2188,A321,7.13,10.13,True,
075e0faf-8faa-488d-9ba8-8ce40c756a3b,Taylor Davis,Captain,UA9273,CRJ900,4.62,7.62,True,
ea95aea7-236b-4103-87b4-a3486f68784a,Jamie Davis,First Officer,UA9273,B737,4.62,7.62,True,
bbcd4605-dbb2-4de3-a113-380fdf5adf2b,Avery Lee,Flight Attendant,UA9273,A321,4.58,7.58,True,
d83b5633-1abc-4dae-8f00-81a982a96385,Morgan Martinez,Flight Attendant,UA9273,B737,4.58,7.58,True,
de66b51c-1e46-4b3f-8e99-e42b1c30cb37,Taylor Lee,Flight Attendant,UA9273,A320,4.58,7.58,True,
fece3b09-4437-492b-8318-28fc0a5670a3,Avery Lee,Flight Attendant,UA9273,B737,4.62,7.62,True,
6c2eb6c4-6ddc-467c-bea1-a4495663fa62,Jordan Johnson,Flight Attendant,UA9273,A320,4.62,7.62,True,
1359b130-6544-46f4-b5e2-3c1fc077b898,Morgan Brown,Captain,UA5542,A321,2.78,4.28,True,
f514cd43-3757-4d60-a6b4-a5d46084d37f,Morgan Davis,First Officer,UA5542,A320,2.78,4.28,True,
d8cb5002-7bc1-4c5b-bbf9-019977a539de,Jamie Johnson,Flight Attendant,UA5542,B737,2.78,4.28,True,
237c4471-f791-4259-b182-cb462a14777d,Morgan Martinez,Flight Attendant,UA5542,A320,2.78,4.28,True,
3be1ede0-0a4b-4943-a220-d82d5c1aa7ea,Jamie Brown,Flight Attendant,UA5542,A320,2.78,4.28,True,
d594f90c-2782-4d40-98b1-51971375ab1d,Alex Garcia,Flight Attendant,UA5542,A320,2.78,4.28,True,
c08e6a7c-8efd-41dd-99e1-c3663fbec651,Avery Johnson,Captain,UA7811,B737,2.9,4.4,True,
14fb8519-c974-4bbe-8e8a-63deb7d9ac4a,Morgan Johnson,First Officer,UA7811,A320,2.9,4.4,True,
a7fc36bc-01f3-4147-aefe-74cf24224c5a,Casey Lee,Flight Attendant,UA7811,A321,2.9,4.4,True,
b559cb75-f197-4e54-a1b5-ddc464123868,Jamie Smith,Flight Attendant,UA7811,CRJ900,2.9,4.4,True,
92df4353-0a8f-4108-a955-5cd611cba649,Jamie Davis,Flight Attendant,UA7811,A321,2.9,4.4,True,
12389dd4-b2d0-4f68-a438-86820604f57c,Casey Johnson,Captain,UA6628,B737,4.2,5.7,True,
fdbda58d-a6ac-4cc7-ac01-a9536fe0c520,Avery Garcia,First Officer,UA6628,A320,4.2,5.7,True,
48fb532b-2911-46ea-ab5b-9d912777f7b7,Morgan Johnson,Flight Attendant,UA6628,A321,4.2,5.7,True,
f7b6dfd1-c8f7-448e-9779-37cf15b3cd52,Morgan Davis,Flight Attendant,UA6628,B737,4.2,5.7,True,
922cf7d8-929c-4d5c-9a66-5293a8b576ba,Reese Martinez,Flight Attendant,UA6628,CRJ900,4.2,5.7,True,
e16f0346-4989-4bb6-812c-962e135354da,Morgan Smith,Flight Attendant,UA6628,CRJ900,4.2,5.7,True,
c41428f4-9d1e-4aa6-b188-3bb38bedb833,Alex Brown,Flight Attendant,UA6628,B787,4.2,5.7,True,
1359b130-6544-46f4-b5e2-3c1fc077b898,Morgan Brown,Captain,UA8885,A321,7.67,10.67,True,
f514cd43-3757-4d60-a6b4-a5d46084d37f,Morgan Davis,First Officer,UA8885,A321,7.67,10.67,True,
d8cb5002-7bc1-4c5b-bbf9-019977a539de,Jamie Johnson,Flight Attendant,UA8885,B787,7.67,10.67,True,
237c4471-f791-4259-b182-cb462a14777d,Morgan Martinez,Flight Attendant,UA8885,B737,7.67,10.67,True,
3be1ede0-0a4b-4943-a220-d82d5c1aa7ea,Jamie Brown,Flight Attendant,UA8885,B737,7.67,10.67,True,
14123810-3b2a-4f2e-93c7-6f71115fb906,Casey Brown,Captain,UA5763,CRJ900,4.45,5.95,True,
be00a7ce-6b67-4298-a9c7-63c0893f41ac,Casey Lee,First Officer,UA5763,A320,4.45,5.95,True,
0974dccc-be03-471c-93d7-c6e99f21de02,Taylor Garcia,Flight Attendant,UA5763,B737,4.45,5.95,True,
dfa90590-8dae-4673-85a6-431aa4b2ffe6,Casey Martinez,Flight Attendant,UA5763,CRJ900,4.45,5.95,True,
dd760827-5631-495f-a9e7-21aaeb914092,Avery Garcia,Flight Attendant,UA5763,A320,4.45,5.95,True,
6c4d5de0-d5a1-4e76-862f-d18ea198f120,Alex Smith,Flight Attendant,UA5763,A321,4.45,5.95,True,
39ebd61e-0867-4f0c-b01f-dd5113a06e92,Alex Garcia,Flight Attendant,UA5763,B787,4.45,5.95,True,
c3ee0a15-21db-429d-8056-50bdfba17424,Morgan Johnson,Flight Attendant,UA5763,CRJ900,4.45,5.95,True,
31e2b66f-09af-4c78-a4d0-fe816ead34b3,Jordan Johnson,Captain,UA7244,B787,2.75,4.25,True,
f5c8dbf5-276d-4861-ab79-4541f5450a6c,Alex Garcia,First Officer,UA7244,CRJ900,2.75,4.25,True,
ab75c227-fbb4-4518-a748-3f6e8b13915d,Casey Davis,Flight Attendant,UA7244,B787,2.75,4.25,True,
98f8341b-e16a-4ead-94ee-1c661df392c5,Taylor Johnson,Flight Attendant,UA7244,B787,2.75,4.25,True,
d1aacd5e-3ae4-4ea9-8e3b-6a47706850e6,Jordan Garcia,Flight Attendant,UA7244,B787,2.75,4.25,True,
a425ec95-f3b1-4449-a2f7-b14df781dd8d,Casey Lee,Flight Attendant,UA7244,CRJ900,2.75,4.25,True,
335714db-6727-451b-913b-ce2aaef0ca09,Taylor Garcia,Flight Attendant,UA7244,B737,2.75,4.25,True,
6d8e27ff-52f6-46d0-bca6-b91e0050645f,Morgan Davis,Flight Attendant,UA7244,A321,2.75,4.25,True,
447c545e-8868-4cad-b74d-8b05d2e4eaaa,Morgan Lee,Captain,UA5243,B787,7.98,10.98,True,
03a7ac10-cd92-474d-80c3-27aa1e7362e1,Reese Brown,First Officer,UA5243,CRJ900,7.98,10.98,True,
cf73ba11-9f9a-4575-ba30-8bc5bbce470b,Reese Smith,Flight Attendant,UA5243,A321,5.9,8.9,True,
03437289-b570-477d-b7b6-65029af913ac,Morgan Davis,Flight Attendant,UA5243,A320,5.9,8.9,True,
95c5bae9-07f0-42eb-9089-be61cc55e03c,Jamie Smith,Flight Attendant,UA5243,A320,5.9,8.9,True,
7e9c906b-123d-4bc1-b74d-5f5158bdc565,Morgan Garcia,Flight Attendant,UA5243,B737,5.9,8.9,True,
754a7e7c-f420-4da8-864b-a0bbae1ae57e,Morgan Davis,Flight Attendant,UA5243,A321,6.18,9.18,True,
5a426944-1bcb-43c2-8a27-cadd9b5baab2,Morgan Smith,Flight Attendant,UA5243,A320,7.98,10.98,True,
8fc4bed8-1cd8-461b-b315-a0b99cb3813f,Morgan Johnson,Captain,UA4944,CRJ900,3.73,5.23,True,
f1ffb2d8-2f53-4aaa-b301-c60212c7d9c7,Taylor Garcia,First Officer,UA4944,A321,3.73,5.23,True,
5c5085c6-c157-4d18-8d7c-2f0957ad7b6d,Taylor Lee,Flight Attendant,UA4944,B787,3.73,5.23,True,
81c82076-02df-4b92-a29a-b735d8d09c0b,Avery Davis,Flight Attendant,UA4944,B787,3.73,5.23,True,
0a5081ec-8d17-42d4-9dee-9cbe36625309,Casey Johnson,Flight Attendant,UA4944,CRJ900,3.73,5.23,True,
f56b3917-adf0-49e7-97e9-2f18e7e1831d,Reese Smith,Flight Attendant,UA4944,CRJ900,3.73,5.23,True,
0319fa8c-a229-4f2a-9832-bd938ba939ee,Casey Johnson,Flight Attendant,UA4944,B737,3.73,5.23,True,
0614840b-3476-4eae-9ac2-6d83933e1adb,Jordan Smith,Flight Attendant,UA4944,CRJ900,3.73,5.23,True,
5c3ab22e-b7cb-4638-bec1-e3667d8a13ac,Reese Johnson,Captain,UA106,B737,3.58,5.08,True,
87df3965-fd0a-45de-8f76-0b9ab100a14a,Casey Garcia,First Officer,UA106,B737,3.58,5.08,True,
6096a313-fa1f-473e-acc4-23beaf0903e6,Morgan Garcia,Flight Attendant,UA106,B787,3.58,5.08,True,
3cdee7f4-e25f-47f2-ab0c-704db04d83ee,Alex Martinez,Flight Attendant,UA106,CRJ900,3.58,5.08,True,
b1a98626-467a-4f88-9fac-465f507abe17,Alex Brown,Flight Attendant,UA106,B787,3.58,5.08,True,
65a27c79-f0e9-4041-8c15-4bc83f55f3d4,Jamie Brown,Flight Attendant,UA106,A320,3.58,5.08,True,
22cec14e-7b08-4006-9b2b-a8efcfc067a3,Reese Lee,Flight Attendant,UA106,A320,3.58,5.08,True,
c3ac577d-81b6-4650-b949-0039fdad2908,Alex Davis,Flight Attendant,UA106,CRJ900,3.58,5.08,True,
12389dd4-b2d0-4f68-a438-86820604f57c,Casey Johnson,Captain,UA3601,A320,7.67,10.67,True,
fdbda58d-a6ac-4cc7-ac01-a9536fe0c520,Avery Garcia,First Officer,UA3601,B787,7.67,10.67,True,
d594f90c-2782-4d40-98b1-51971375ab1d,Alex Garcia,Flight Attendant,UA3601,A321,6.25,9.25,True,
48fb532b-2911-46ea-ab5b-9d912777f7b7,Morgan Johnson,Flight Attendant,UA3601,CRJ900,7.67,10.67,True,
f7b6dfd1-c8f7-448e-9779-37cf15b3cd52,Morgan Davis,Flight Attendant,UA3601,A321,7.67,10.67,True,
31e2b66f-09af-4c78-a4d0-fe816ead34b3,Jordan Johnson,Captain,UA1630,A321,7.1,10.1,True,
f5c8dbf5-276d-4861-ab79-4541f5450a6c,Alex Garcia,First Officer,UA1630,B737,7.1,10.1,True,
ab75c227-fbb4-4518-a748-3f6e8b13915d,Casey Davis,Flight Attendant,UA1630,B737,7.1,10.1,True,
98f8341b-e16a-4ead-94ee-1c661df392c5,Taylor Johnson,Flight Attendant,UA1630,A320,7.1,10.1,True,
d1aacd5e-3ae4-4ea9-8e3b-6a47706850e6,Jordan Garcia,Flight Attendant,UA1630,A320,7.1,10.1,True,
dfbf8692-8763-4fc9-8c86-98e9bc03b1ea,Reese Garcia,Captain,UA1293,B737,3.65,5.15,True,
5145da08-bdb9-4346-b675-3aac0c57b69a,Avery Lee,First Officer,UA1293,CRJ900,3.65,5.15,True,
e0989aa4-1c7e-4db2-ab84-c7abab3d7c9e,Morgan Martinez,Flight Attendant,UA1293,A320,3.65,5.15,True,
021ca491-8826-41d0-9fbe-bb46f7bdfc37,Avery Davis,Flight Attendant,UA1293,A321,3.65,5.15,True,
763dd1fb-93f6-48bb-befd-1c2bef1d4115,Jamie Martinez,Flight Attendant,UA1293,B737,3.65,5.15,True,
c2e5ae0c-95d1-412e-89d6-3cc9a70207f8,Jordan Brown,Captain,UA190,A321,2.68,4.18,True,
4360e918-3c7c-4702-bf55-9f34e450e759,Morgan Martinez,First Officer,UA190,B787,2.68,4.18,True,
1c021e9e-5d78-47fb-bcc6-92ac227ef276,Morgan Brown,Flight Attendant,UA190,B737,2.68,4.18,True,
ced58659-5c48-42f7-b3fb-3b1192487b48,Avery Johnson,Flight Attendant,UA190,B737,2.68,4.18,True,
079a9b18-b653-411e-b837-e856f42646ca,Jamie Smith,Flight Attendant,UA190,B737,2.68,4.18,True,
2e071f91-7fc4-4bd1-8ebc-5cfe4dc167d5,Jordan Lee,Flight Attendant,UA190,B737,2.68,4.18,True,
1574bd03-3413-456b-990d-4729662c542c,Casey Davis,Captain,UA2284,A321,2.48,3.98,True,
b0535b71-30dd-4064-90e2-9dd1c225ab27,Jamie Davis,First Officer,UA2284,B737,2.48,3.98,True,
a5f1287e-3dbb-4e36-97ae-4abf2cb81c21,Casey Smith,Flight Attendant,UA2284,B737,2.48,3.98,True,
ced67b53-828e-40c1-8561-8846a2d233bc,Taylor Davis,Flight Attendant,UA2284,A320,2.48,3.98,True,
ef5ab4b7-92db-47ff-a58d-1995a7150b40,Morgan Johnson,Flight Attendant,UA2284,CRJ900,2.48,3.98,True,
58e309c9-b5f8-4261-b1d7-526afe7794d7,Jordan Johnson,Captain,UA9076,CRJ900,3.88,5.38,True,
2a53a681-7ad6-4ba3-80ac-732baaec56f5,Reese Davis,First Officer,UA9076,CRJ900,3.88,5.38,True,
306afdc6-f21d-47dc-a622-68dd1d773fc5,Reese Brown,Flight Attendant,UA9076,B787,3.88,5.38,True,
90b67b5b-e8df-4a84-852f-b36c33dd83e3,Taylor Martinez,Flight Attendant,UA9076,CRJ900,3.88,5.38,True,
15f1c626-1ea6-4427-8aea-03fd38ae77f6,Jordan Martinez,Flight Attendant,UA9076,A321,3.88,5.38,True,
898eb224-bd9c-4073-a83c-a5f49d1c36d3,Alex Garcia,Captain,UA4019,CRJ900,4.52,6.02,True,
e090b8f2-324f-4f39-8fd3-3c926d5a49a3,Alex Davis,First Officer,UA4019,B787,4.52,6.02,True,
6e0e106f-83a2-477c-80d2-4d1cae821697,Morgan Brown,Flight Attendant,UA4019,CRJ900,4.52,6.02,True,
318ac2a4-f6dc-4315-be25-0ea4a2665e66,Reese Smith,Flight Attendant,UA4019,A320,4.52,6.02,True,
6c8f4bb9-91de-406b-9bec-bcb7da55a397,Jordan Martinez,Flight Attendant,UA4019,CRJ900,4.52,6.02,True,
a099b2d2-cf74-4376-ae57-23dbc82d8a25,Reese Martinez,Flight Attendant,UA4019,A320,4.52,6.02,True,
15fe09cf-248a-431d-a153-20ea7cd8a7fc,Avery Johnson,Flight Attendant,UA4019,A320,4.52,6.02,True,
e1c05794-c520-452b-a7e9-8c53929196f2,Jordan Garcia,Captain,UA2571,A320,6.7,9.7,True,
05cd4d85-677e-4f0c-8bb0-2457b4df6916,Avery Brown,First Officer,UA2571,A320,6.7,9.7,True,
958beee7-0cda-498e-833e-979ea6324562,Morgan Davis,Flight Attendant,UA2571,A320,6.7,9.7,True,
09a13b7a-08c3-44ab-a2f9-6bd5bd2d6558,Avery Lee,Flight Attendant,UA2571,A321,6.7,9.7,True,
1033546c-596d-442b-995a-ad1fa80965a1,Morgan Garcia,Flight Attendant,UA2571,CRJ900,6.7,9.7,True,
c2739b9c-a47e-411f-8ab8-71b9ef09bedd,Alex Johnson,Flight Attendant,UA2571,B787,6.7,9.7,True,
68dccb36-cc92-42b9-9278-1204fa9aa2bd,Casey Garcia,Flight Attendant,UA2571,CRJ900,6.7,9.7,True,
d015512e-5e4b-4738-9a8a-523750f9ef3c,Casey Brown,Captain,UA6912,B737,4.48,5.98,True,
83f61653-7714-4bdb-aa78-5033944a00fd,Jamie Johnson,First Officer,UA6912,B787,4.48,5.98,True,
48d3fcaf-2464-4841-9689-4752821a32b7,Jamie Smith,Flight Attendant,UA6912,A320,4.48,5.98,True,
75ed5bd6-fa89-4e34-8a3e-290f1d1ddb4d,Jamie Smith,Flight Attendant,UA6912,B737,4.48,5.98,True,
0c2b8e47-d5b3-4bbb-b5e6-b95cc5a1ca3d,Avery Martinez,Flight Attendant,UA6912,CRJ900,4.48,5.98,True,
8785cabe-71a2-4049-98fe-25773b5cf39c,Taylor Garcia,Flight Attendant,UA6912,A320,4.48,5.98,True,
fc41608f-c80d-40f9-9e96-c2665144a173,Avery Johnson,Captain,UA196,A321,7.95,10.95,True,
99c1932b-9a5d-49a9-a351-4b01fa900f5c,Jordan Lee,First Officer,UA196,B787,7.95,10.95,True,
112b1643-b819-4ef9-9f00-7cabe70c95ec,Morgan Martinez,Flight Attendant,UA196,CRJ900,7.83,10.83,True,
29c58466-b5f7-4ebd-96d5-1fba646b24b2,Jordan Martinez,Flight Attendant,UA196,A320,7.83,10.83,True,
2bf661fe-5c82-43b6-9b5c-19c9b1ae2dbf,Jordan Martinez,Flight Attendant,UA196,B737,7.95,10.95,True,
c5d9592f-c001-4fa9-9c79-f0d66f69ac32,Jamie Lee,Flight Attendant,UA196,CRJ900,7.95,10.95,True,
85b56d39-7d6f-41dd-b242-25740ca6d06b,Jordan Davis,Flight Attendant,UA196,A321,7.95,10.95,True,
4a1952d1-66fd-4fcc-9223-6c6bdd919fb8,Taylor Lee,Captain,UA3713,B737,4.95,6.45,True,
677c8e75-0817-47ae-b88f-1d1fc5fb1c77,Jordan Brown,First Officer,UA3713,CRJ900,4.95,6.45,True,
76866015-da68-44e7-a3cf-3d9c4b5e7929,Casey Smith,Flight Attendant,UA3713,B737,4.95,6.45,True,
18e3a554-39a6-4c8b-8572-6d134975c50e,Alex Smith,Flight Attendant,UA3713,A321,4.95,6.45,True,
18bdad5b-2baf-427c-8fbe-382a83b15b1e,Jordan Lee,Flight Attendant,UA3713,A321,4.95,6.45,True,
67f39217-0bd1-49f3-abb4-92ba43886877,Morgan Davis,Flight Attendant,UA3713,B787,4.95,6.45,True,
c2e5ae0c-95d1-412e-89d6-3cc9a70207f8,Jordan Brown,Captain,UA6724,CRJ900,7.53,10.53,True,
4360e918-3c7c-4702-bf55-9f34e450e759,Morgan Martinez,First Officer,UA6724,B787,7.53,10.53,True,
a425ec95-f3b1-4449-a2f7-b14df781dd8d,Casey Lee,Flight Attendant,UA6724,B737,7.6,10.6,True,
335714db-6727-451b-913b-ce2aaef0ca09,Taylor Garcia,Flight Attendant,UA6724,CRJ900,7.6,10.6,True,
6d8e27ff-52f6-46d0-bca6-b91e0050645f,Morgan Davis,Flight Attendant,UA6724,A320,7.6,10.6,True,
1c021e9e-5d78-47fb-bcc6-92ac227ef276,Morgan Brown,Flight Attendant,UA6724,A321,7.53,10.53,True,
ced58659-5c48-42f7-b3fb-3b1192487b48,Avery Johnson,Flight Attendant,UA6724,CRJ900,7.53,10.53,True,
1cd7b44f-d024-461f-a483-00d46ff803f4,Reese Garcia,Captain,UA1475,A321,4.02,5.52,True,
c17bf1c2-274f-4f6f-a4da-cab52bcc90e4,Casey Smith,First Officer,UA1475,A320,4.02,5.52,True,
60d2a240-de47-465e-8c0a-d57c045e362e,Reese Garcia,Flight Attendant,UA1475,B787,4.02,5.52,True,
1a90a6bd-cd4d-4a73-97fc-57325f64eab6,Jamie Davis,Flight Attendant,UA1475,A320,4.02,5.52,True,
a058408d-a7ff-4c4f-839a-fe02e1c4963f,Avery Garcia,Flight Attendant,UA1475,A321,4.02,5.52,True,
5c746c7a-b29b-4638-b2e4-545f165d5c86,Avery Brown,Flight Attendant,UA1475,CRJ900,4.02,5.52,True,
23175083-6e34-4663-a55f-6729e6a40251,Jamie Lee,Flight Attendant,UA1475,A320,4.02,5.52,True,
383adb46-ca6d-4694-8609-71c011cef0a1,Alex Johnson,Flight Attendant,UA1475,A320,4.02,5.52,True,
a4d3d3ac-374f-4b7f-8292-25701df93ca0,Taylor Martinez,Captain,UA5455,B787,2.48,3.98,True,
094a8aa0-8679-45a6-9aef-50bce088638e,Jamie Lee,First Officer,UA5455,A321,2.48,3.98,True,
6261c187-2be8-47a3-99f9-b1fd22d2081c,Casey Brown,Flight Attendant,UA5455,A321,2.48,3.98,True,
5feaa81c-8fbf-4076-9fc2-f70d3f247fb4,Taylor Lee,Flight Attendant,UA5455,A321,2.48,3.98,True,
a4a4e7c0-c487-4be9-a8e3-0d7d9f7cd1cf,Taylor Johnson,Flight Attendant,UA5455,A320,2.48,3.98,True,
2e09d88c-ac95-46e9-9e75-d490ce84b866,Casey Martinez,Flight Attendant,UA5455,A320,2.48,3.98,True,
9d07bf23-89c1-41c6-aa89-1f371a6cb49d,Alex Davis,Flight Attendant,UA5455,B737,2.48,3.98,True,
72d825ee-4b50-4200-8421-926d0a1b51d6,Jordan Brown,Flight Attendant,UA5455,CRJ900,2.48,3.98,True,
7a16e228-2df9-49d4-89b7-a1ebb274615c,Morgan Davis,Captain,UA953,B787,4.57,6.07,True,
e116eccc-e9da-446f-bb96-8fd42dbf60ef,Morgan Johnson,First Officer,UA953,B787,4.57,6.07,True,
9f789aba-66b6-45cf-b6f7-83ebb114bf9c,Reese Davis,Flight Attendant,UA953,A321,4.57,6.07,True,
67134e37-9c2f-48cd-9462-230439ae95f2,Jamie Lee,Flight Attendant,UA953,B737,4.57,6.07,True,
939f3416-ba68-4ffd-9c1c-bdc4aa854ec2,Morgan Martinez,Flight Attendant,UA953,A321,4.57,6.07,True,
62db1d9b-836d-4aba-a9a7-788f64f46aae,Avery Lee,Flight Attendant,UA953,A321,4.57,6.07,True,
510565ef-92f3-4ce8-84bd-373367cf439f,Jordan Brown,Flight Attendant,UA953,B737,4.57,6.07,True,
732a5fab-b1df-476b-bffa-effbbc4849ae,Reese Smith,Captain,UA4008,B787,4.15,5.65,True,
7f9347f7-9c3a-4db4-99f7-9654d09e7099,Casey Johnson,First Officer,UA4008,B737,4.15,5.65,True,
ed84bfb5-f9de-4258-9e7b-df3f1d008f58,Casey Lee,Flight Attendant,UA4008,CRJ900,4.15,5.65,True,
d5d18778-288d-4158-b1f0-1ffc976e2ff8,Casey Smith,Flight Attendant,UA4008,CRJ900,4.15,5.65,True,
f516eaf2-3bf2-429b-989f-cb1efa76ddf9,Casey Garcia,Flight Attendant,UA4008,CRJ900,4.15,5.65,True,
a3dd202d-2fdb-4fca-aeee-274968185f54,Morgan Garcia,Flight Attendant,UA4008,A320,4.15,5.65,True,
e2d0e3f4-3787-495e-872c-66f1bd574228,Reese Garcia,Flight Attendant,UA4008,A321,4.15,5.65,True,
db48c5b6-1da0-4ab8-996e-ff79f1adac02,Reese Johnson,Flight Attendant,UA4008,A321,4.15,5.65,True,
cf2bd175-155d-48be-84a8-8de251c1a48f,Avery Johnson,Captain,UA1976,CRJ900,3.17,4.67,True,
306f573d-b10b-44ec-8a14-a5a5a0c819e7,Jordan Smith,First Officer,UA1976,A320,3.17,4.67,True,
a29b3266-6bf8-41ee-85a0-311e7b164a00,Casey Martinez,Flight Attendant,UA1976,A320,3.17,4.67,True,
3aa51b2d-46ac-4376-adb9-8c2e5bed73e4,Jordan Martinez,Flight Attendant,UA1976,B787,3.17,4.67,True,
8ad40c30-4d6f-47d8-8c27-8464149a07c4,Casey Brown,Flight Attendant,UA1976,B787,3.17,4.67,True,
6226336b-4cd2-4aec-be42-208cc3f0e6f4,Reese Lee,Flight Attendant,UA1976,A320,3.17,4.67,True,
4846f6fd-d441-4974-bb5a-2f98f7f58668,Casey Brown,Flight Attendant,UA1976,CRJ900,3.17,4.67,True,
c27e0a21-8836-4c87-8b29-59c7bd50664e,Jamie Lee,Flight Attendant,UA1976,A320,3.17,4.67,True,
e94ec605-8e80-49de-8487-32fa1fab2d62,Morgan Smith,Captain,UA3349,CRJ900,3.75,5.25,True,
4ce32795-8773-489f-a9c9-8864a7593223,Jordan Davis,First Officer,UA3349,CRJ900,3.75,5.25,True,
5e30c898-01df-4c06-a9d0-7c21036913c6,Morgan Garcia,Flight Attendant,UA3349,B737,3.75,5.25,True,
7b3b6ec3-4801-4e54-a4ce-fa386ffe8fe9,Alex Smith,Flight Attendant,UA3349,A321,3.75,5.25,True,
c04e971e-ae34-45d1-8c95-e90d8745bf04,Avery Brown,Flight Attendant,UA3349,CRJ900,3.75,5.25,True,
80663a92-50c5-48bf-ab75-6d4052d46a31,Jordan Davis,Flight Attendant,UA3349,CRJ900,3.75,5.25,True,
6be8f9d8-af67-40ad-8c5b-b88fb94e55db,Reese Johnson,Captain,UA772,B787,4.83,6.33,True,
99db6fee-4299-4bef-826e-1940fd6d1181,Alex Garcia,First Officer,UA772,CRJ900,4.83,6.33,True,
29a889df-330c-472b-ac4c-f5ab3dc95a92,Alex Lee,Flight Attendant,UA772,CRJ900,4.83,6.33,True,
49d0be84-3b5d-4051-8a4c-713cdca38519,Morgan Garcia,Flight Attendant,UA772,B787,4.83,6.33,True,
f6624954-8b09-4d8a-b2c2-94b08230b2d8,Reese Martinez,Flight Attendant,UA772,A321,4.83,6.33,True,
c5cda7bf-fba9-42dc-9d63-7adb83b84421,Avery Smith,Flight Attendant,UA772,A321,4.83,6.33,True,
fc95f00a-ac3f-4652-a4ec-d2c200ddc557,Reese Davis,Flight Attendant,UA772,B737,4.83,6.33,True,
9810c432-ed18-4b4d-94fc-ca3c68750a62,Jamie Garcia,Captain,UA8131,B737,3.87,5.37,True,
ab250234-34f5-488a-b830-2a152f8d71df,Reese Johnson,First Officer,UA8131,B737,3.87,5.37,True,
439a03d7-6163-46bb-aa01-3503879e046c,Morgan Lee,Flight Attendant,UA8131,A320,3.87,5.37,True,
3648e238-2a9c-4e7e-9a01-329a38998c20,Casey Johnson,Flight Attendant,UA8131,B787,3.87,5.37,True,
01746b8f-bdb0-4cf1-a688-b9dd0896d496,Jordan Davis,Flight Attendant,UA8131,B787,3.87,5.37,True,
d321f7f8-1557-4f46-ba4c-2abaf0a0b162,Avery Martinez,Flight Attendant,UA8131,A320,3.87,5.37,True,
607d97fc-70e2-4079-a6af-f0b8a365e87b,Reese Lee,Flight Attendant,UA8131,A321,3.87,5.37,True,
c28ecc98-8752-4592-935e-235a848a6ab9,Jordan Davis,Flight Attendant,UA8131,CRJ900,3.87,5.37,True,
80758030-6647-4b9a-a4b9-9bd5aa105373,Jordan Brown,Captain,UA8917,A321,4.28,5.78,True,
d08fecb9-478f-4ca4-ab78-abed9334b421,Avery Lee,First Officer,UA8917,A321,4.28,5.78,True,
c420ba92-c409-49d9-82a1-8065029c28b4,Alex Johnson,Flight Attendant,UA8917,A320,4.28,5.78,True,
0ff97579-8cd4-45c4-8575-1d1720b18bec,Casey Davis,Flight Attendant,UA8917,B737,4.28,5.78,True,
e0071dd4-7559-47a9-ba83-fa49e527c395,Alex Lee,Flight Attendant,UA8917,A321,4.28,5.78,True,
50b72f44-24ab-478e-87f9-42cb7ab79b6b,Jamie Garcia,Flight Attendant,UA8917,A321,4.28,5.78,True,
39db1237-12dd-4744-bd8b-b6a103354ca3,Jamie Martinez,Flight Attendant,UA8917,A321,4.28,5.78,True,
c2893e16-a6d8-4837-a75c-e46e985066eb,Alex Garcia,Flight Attendant,UA8917,A321,4.28,5.78,True,
ea71f4fa-d38f-421b-bccd-6120b491c02f,Jordan Lee,Captain,UA7713,B787,3.25,4.75,True,
59271561-5ee4-4bee-bc2a-cbad4822fa77,Avery Smith,First Officer,UA7713,CRJ900,3.25,4.75,True,
2fa678f9-8e60-4ada-8a66-8c81e3cade03,Avery Brown,Flight Attendant,UA7713,A320,3.25,4.75,True,
b4e20220-71f5-487d-9818-bc789c4d7314,Casey Martinez,Flight Attendant,UA7713,CRJ900,3.25,4.75,True,
9d3d39e1-04fe-497a-b32d-3dad373ee7d5,Avery Johnson,Flight Attendant,UA7713,B787,3.25,4.75,True,
c5f03b94-8374-4b8a-8b2b-f3fe41db7b79,Avery Davis,Flight Attendant,UA7713,A320,3.25,4.75,True,
576d951a-5385-4dfc-9104-5a04b7033742,Taylor Smith,Flight Attendant,UA7713,CRJ900,3.25,4.75,True,
82a2c0e3-b283-40e2-a878-c7a6e24b9a90,Avery Garcia,Flight Attendant,UA7713,CRJ900,3.25,4.75,True,
0a856b97-2739-4a60-aa12-c5b83986170b,Taylor Davis,Captain,UA5913,A321,3.22,4.72,True,
8e37dab2-314a-45fe-858e-54eec470c2b4,Jamie Lee,First Officer,UA5913,A321,3.22,4.72,True,
9bbb5f1e-86cc-4a3f-ad62-17c5327b0584,Morgan Brown,Flight Attendant,UA5913,A321,3.22,4.72,True,
18298723-a82c-4a55-87a0-e4318688a4e0,Taylor Lee,Flight Attendant,UA5913,B737,3.22,4.72,True,
0a7b05bc-56d3-4e2f-81fa-bfe7eb2c8c12,Jamie Smith,Flight Attendant,UA5913,A320,3.22,4.72,True,
9c4f5fb0-54a0-40c4-8261-3a1998011b57,Jamie Martinez,Captain,UA6758,A320,2.25,3.75,True,
7c70fdc4-87c4-46d2-a232-e54f982b77f9,Jordan Lee,First Officer,UA6758,CRJ900,2.25,3.75,True,
305d12b3-cbf9-4594-bb1d-51637be6d706,Jamie Johnson,Flight Attendant,UA6758,B737,2.25,3.75,True,
92ed2c0b-427c-4556-b86d-1673b96c31df,Avery Johnson,Flight Attendant,UA6758,A320,2.25,3.75,True,
da7204c8-ce9f-4569-b3ea-f32ea506b8aa,Avery Davis,Flight Attendant,UA6758,A321,2.25,3.75,True,
7a16e228-2df9-49d4-89b7-a1ebb274615c,Morgan Davis,Captain,UA4920,B737,6.65,9.65,True,
e116eccc-e9da-446f-bb96-8fd42dbf60ef,Morgan Johnson,First Officer,UA4920,CRJ900,6.65,9.65,True,
922cf7d8-929c-4d5c-9a66-5293a8b576ba,Reese Martinez,Flight Attendant,UA4920,B737,6.28,9.28,True,
e16f0346-4989-4bb6-812c-962e135354da,Morgan Smith,Flight Attendant,UA4920,A321,6.28,9.28,True,
c41428f4-9d1e-4aa6-b188-3bb38bedb833,Alex Brown,Flight Attendant,UA4920,B787,6.28,9.28,True,
9c4f5fb0-54a0-40c4-8261-3a1998011b57,Jamie Martinez,Captain,UA7071,A320,6.62,9.62,True,
7c70fdc4-87c4-46d2-a232-e54f982b77f9,Jordan Lee,First Officer,UA7071,B737,6.62,9.62,True,
305d12b3-cbf9-4594-bb1d-51637be6d706,Jamie Johnson,Flight Attendant,UA7071,B787,6.62,9.62,True,
92ed2c0b-427c-4556-b86d-1673b96c31df,Avery Johnson,Flight Attendant,UA7071,B787,6.62,9.62,True,
da7204c8-ce9f-4569-b3ea-f32ea506b8aa,Avery Davis,Flight Attendant,UA7071,A321,6.62,9.62,True,
b65d150f-8769-4eeb-9ab6-fbee52e61caa,Morgan Martinez,Flight Attendant,UA7071,CRJ900,4.37,5.87,True,
2bd0442e-41ad-4d1e-be01-0ace22346fa1,Reese Davis,Captain,UA5269,B737,4.2,5.7,True,
1c27c5dc-ffce-44c9-a8f3-1b25b0047c06,Alex Lee,First Officer,UA5269,A321,4.2,5.7,True,
8ae7e90f-b4a2-4587-9a4a-6b560c79cf13,Avery Johnson,Flight Attendant,UA5269,A320,4.2,5.7,True,
9c8566fb-bdd7-4d5b-bb98-b2ae0fad8818,Casey Smith,Flight Attendant,UA5269,A321,4.2,5.7,True,
41510d51-9c54-4573-9fb9-73612bdf5ccb,Morgan Smith,Flight Attendant,UA5269,A321,4.2,5.7,True,
8ccbaa4e-cca4-4667-8f4c-147503006e62,Taylor Brown,Flight Attendant,UA5269,A321,4.2,5.7,True,
d236eacf-1d18-4006-990c-108531f23900,Jamie Davis,Flight Attendant,UA5269,B737,4.2,5.7,True,
e231a29d-fe8f-4062-8d8b-a15dac54db6c,Taylor Brown,Flight Attendant,UA5269,A321,4.2,5.7,True,
4ed2303b-3f29-4999-a7ae-8121dfc5b8b9,Casey Davis,Captain,UA8695,CRJ900,4.62,6.12,True,
a09558c5-a482-46bd-87b1-7499026d4150,Taylor Martinez,First Officer,UA8695,CRJ900,4.62,6.12,True,
0bd18697-013c-4be0-9138-2ab9ba3a381e,Casey Martinez,Flight Attendant,UA8695,A321,4.62,6.12,True,
1c467db9-0787-4f16-ae73-4dbfb2efb4ce,Jamie Garcia,Flight Attendant,UA8695,B787,4.62,6.12,True,
76756ba5-1a5b-48ff-957d-f7b55f4df611,Jamie Brown,Flight Attendant,UA8695,A321,4.62,6.12,True,
fa76265e-eecd-4679-b056-3b8f575bc660,Jamie Martinez,Captain,UA8851,A321,3.0,4.5,True,
5baabae0-b024-4e9b-837f-cd60470e7a35,Jordan Smith,First Officer,UA8851,B737,3.0,4.5,True,
5f25c00e-2e55-463e-8ebf-d544385cd265,Jamie Johnson,Flight Attendant,UA8851,CRJ900,3.0,4.5,True,
4b84285c-86fc-4f2e-989a-a7dad14e207b,Taylor Garcia,Flight Attendant,UA8851,A321,3.0,4.5,True,
079d7d4b-026a-419a-aa42-8a0cad8bdf50,Jordan Lee,Flight Attendant,UA8851,B737,3.0,4.5,True,
17df0be8-8a06-46ce-a9eb-d33c7524461e,Jordan Johnson,Flight Attendant,UA8851,A321,3.0,4.5,True,
fe73746b-4000-4f68-b38d-4418c5b160e6,Avery Brown,Flight Attendant,UA8851,B737,3.0,4.5,True,
0591cb30-f464-49bd-8cff-9e2b4d2d9981,Jamie Brown,Flight Attendant,UA8851,CRJ900,3.0,4.5,True,
e34d662f-b72b-4db5-bfe8-28ef02382fdf,Morgan Brown,Captain,UA300,B737,6.4,9.4,True,
b1c83858-91cd-4149-8367-1e50f9f3e31d,Taylor Lee,First Officer,UA300,B787,6.4,9.4,True,
1d1a5063-1db8-4035-bf48-9a65fe84ae4c,Jamie Smith,Flight Attendant,UA300,B737,6.4,9.4,True,
b2ec6e75-9b20-4b65-9b9d-701870198f6e,Alex Brown,Flight Attendant,UA300,B737,6.4,9.4,True,
c34d165c-4991-4e9f-920b-f371fd043622,Jamie Davis,Flight Attendant,UA300,A320,6.4,9.4,True,
a3a4415f-7dfa-491e-ab59-1a055894cb78,Avery Garcia,Flight Attendant,UA300,B737,6.4,9.4,True,
0760109e-8dbd-4ff0-866c-d8181363c20b,Jordan Martinez,Flight Attendant,UA300,B737,6.4,9.4,True,
ff2bd895-9076-4d78-9490-864194e6fb70,Morgan Lee,Captain,UA1170,A321,3.12,4.62,True,
0637e780-4a41-42a5-96c4-26a3d5d32bac,Morgan Smith,First Officer,UA1170,A320,3.12,4.62,True,
fc88fab2-1532-4cc5-9f42-0861c1139959,Avery Smith,Flight Attendant,UA1170,A320,3.12,4.62,True,
cb22a0f6-a5fd-4ef2-8296-4d2a42ef27ad,Avery Smith,Flight Attendant,UA1170,CRJ900,3.12,4.62,True,
19e2469c-7598-44fe-8d61-0a711d6bb59b,Casey Garcia,Flight Attendant,UA1170,A321,3.12,4.62,True,
18f3bf2d-3c95-4c12-b2dc-6c51d7ee2e7f,Morgan Brown,Captain,UA2040,A320,2.25,3.75,True,
a2afd9d6-9009-4b15-9bbe-c9434b1097ba,Taylor Smith,First Officer,UA2040,CRJ900,2.25,3.75,True,
c16a74d6-3737-4a28-b91f-0fd7ffe45638,Reese Brown,Flight Attendant,UA2040,B737,2.25,3.75,True,
7d76312b-6548-4ec7-aced-016babeb3da4,Jordan Lee,Flight Attendant,UA2040,CRJ900,2.25,3.75,True,
4ddc4792-7a98-4d51-be3b-ab149b5ad8d0,Reese Martinez,Flight Attendant,UA2040,A321,2.25,3.75,True,
de09ca1a-d7d0-420f-a0d9-13e55852b36a,Morgan Lee,Flight Attendant,UA2040,B737,2.25,3.75,True,
59524e8e-be73-42c4-a45b-c29b9f770f3b,Alex Smith,Flight Attendant,UA2040,A320,2.25,3.75,True,
1b40e134-e0ec-4cb6-9dac-01b519e8528a,Morgan Lee,Flight Attendant,UA2040,A320,2.25,3.75,True,
732a5fab-b1df-476b-bffa-effbbc4849ae,Reese Smith,Captain,UA9742,B787,7.47,10.47,True,
7f9347f7-9c3a-4db4-99f7-9654d09e7099,Casey Johnson,First Officer,UA9742,CRJ900,7.47,10.47,True,
9f789aba-66b6-45cf-b6f7-83ebb114bf9c,Reese Davis,Flight Attendant,UA9742,CRJ900,7.88,10.88,True,
67134e37-9c2f-48cd-9462-230439ae95f2,Jamie Lee,Flight Attendant,UA9742,A320,7.88,10.88,True,
939f3416-ba68-4ffd-9c1c-bdc4aa854ec2,Morgan Martinez,Flight Attendant,UA9742,B787,7.88,10.88,True,
62db1d9b-836d-4aba-a9a7-788f64f46aae,Avery Lee,Flight Attendant,UA9742,CRJ900,7.88,10.88,True,
510565ef-92f3-4ce8-84bd-373367cf439f,Jordan Brown,Flight Attendant,UA9742,CRJ900,7.88,10.88,True,
e6917cef-7cfa-463d-bb3c-2f12dd20380a,Taylor Smith,Captain,UA4435,CRJ900,4.22,5.72,True,
9a179ddc-e5f1-4ecb-8dd5-1e203deda8c2,Alex Davis,First Officer,UA4435,B737,4.22,5.72,True,
23d59138-ddee-4898-8cbd-9a903fbece54,Taylor Johnson,Flight Attendant,UA4435,A321,4.22,5.72,True,
0553ea4d-47a2-431a-8d5e-e60ebd1443fb,Avery Johnson,Flight Attendant,UA4435,A320,4.22,5.72,True,
9e81130a-b16b-497a-b11d-50371b7652da,Reese Lee,Flight Attendant,UA4435,A320,4.22,5.72,True,
b9543011-31b4-407d-a341-6b9b09ffd5ea,Casey Brown,Flight Attendant,UA4435,B787,4.22,5.72,True,
84b5b10c-b3f8-4cb0-b053-d74d28d8d14d,Jamie Garcia,Captain,UA9829,B737,3.73,5.23,True,
9b2fe256-34cf-44d4-9fb6-88e4be6e27b9,Avery Garcia,First Officer,UA9829,A320,3.73,5.23,True,
14134a37-19e2-4f84-a390-faddc869338f,Taylor Smith,Flight Attendant,UA9829,B787,3.73,5.23,True,
1a0bddb7-7361-424f-a6ab-fa9b6778e5bf,Reese Garcia,Flight Attendant,UA9829,A321,3.73,5.23,True,
bfc5c587-cd1d-4dac-a152-d5cb7fad80a2,Jordan Smith,Flight Attendant,UA9829,CRJ900,3.73,5.23,True,
b3354e56-048b-4386-82cd-b5de4bfc28ab,Taylor Davis,Flight Attendant,UA9829,B787,3.73,5.23,True,
7e3ba578-4f83-4a02-a932-ff2da3b1af34,Taylor Martinez,Captain,UA4434,B737,4.23,5.73,True,
4c1344dd-e8b2-45de-8d31-67e423406b9d,Jamie Brown,First Officer,UA4434,A320,4.23,5.73,True,
47129401-3ca3-401d-8c68-c28ddffb3f7b,Reese Smith,Flight Attendant,UA4434,A321,4.23,5.73,True,
2b799be8-39f0-459f-83d7-884185d4ae5a,Taylor Davis,Flight Attendant,UA4434,A320,4.23,5.73,True,
e0b2ff77-72fc-4df0-81a7-de713b87e98b,Alex Brown,Flight Attendant,UA4434,CRJ900,4.23,5.73,True,
4b476e98-2f3f-4fe6-bea4-23abdd2ece2d,Alex Brown,Flight Attendant,UA4434,A321,4.23,5.73,True,
14123810-3b2a-4f2e-93c7-6f71115fb906,Casey Brown,Captain,UA4452,CRJ900,7.42,10.42,True,
be00a7ce-6b67-4298-a9c7-63c0893f41ac,Casey Lee,First Officer,UA4452,B787,7.42,10.42,True,
0974dccc-be03-471c-93d7-c6e99f21de02,Taylor Garcia,Flight Attendant,UA4452,CRJ900,7.42,10.42,True,
dfa90590-8dae-4673-85a6-431aa4b2ffe6,Casey Martinez,Flight Attendant,UA4452,A320,7.42,10.42,True,
dd760827-5631-495f-a9e7-21aaeb914092,Avery Garcia,Flight Attendant,UA4452,A321,7.42,10.42,True,
2d103bc0-91b5-4d9f-a7be-1b8318e541ed,Jamie Martinez,Captain,UA7779,A321,3.12,4.62,True,
e6d94c11-cc64-4a0a-aca2-a6c3596a710d,Jamie Smith,First Officer,UA7779,A321,3.12,4.62,True,
d3bc9c02-fe76-41bf-85eb-77058394300f,Avery Martinez,Flight Attendant,UA7779,B737,3.12,4.62,True,
6a6e0a9c-03ad-4456-b03d-bab9021d9e36,Morgan Davis,Flight Attendant,UA7779,B737,3.12,4.62,True,
ccda1947-c216-4250-8fd1-58e69e9e350f,Taylor Johnson,Flight Attendant,UA7779,CRJ900,3.12,4.62,True,
4d970fb2-a7b6-47d3-ab43-d8a7bd90c039,Jamie Davis,Flight Attendant,UA7779,A321,3.12,4.62,True,
02bb6099-5887-410d-8ee6-da336151c823,Reese Johnson,Flight Attendant,UA7779,B787,3.12,4.62,True,
787e8016-b7cc-45d3-af63-b040ce185443,Avery Martinez,Captain,UA7178,A320,4.03,5.53,True,
202f1c1d-f44f-4271-8415-43c92a563ee8,Jordan Smith,First Officer,UA7178,A320,4.03,5.53,True,
1d16a03c-5d0e-468a-a051-099476b9fefc,Morgan Johnson,Flight Attendant,UA7178,A320,4.03,5.53,True,
4207b339-b47b-421c-a867-4b8880fc9d63,Casey Johnson,Flight Attendant,UA7178,A320,4.03,5.53,True,
ff40c00b-ef7a-4fa4-bf62-d32930f099bf,Reese Smith,Flight Attendant,UA7178,B737,4.03,5.53,True,
2e9bb5f5-35a6-4868-bbfe-323a5137e640,Morgan Lee,Flight Attendant,UA7178,A320,4.03,5.53,True,
e5c31fdf-509f-44c3-b530-6c4b4b6b29ca,Morgan Martinez,Flight Attendant,UA7178,B787,4.03,5.53,True,
6be8f9d8-af67-40ad-8c5b-b88fb94e55db,Reese Johnson,Captain,UA4515,CRJ900,7.63,10.63,True,
99db6fee-4299-4bef-826e-1940fd6d1181,Alex Garcia,First Officer,UA4515,CRJ900,7.63,10.63,True,
6c4d5de0-d5a1-4e76-862f-d18ea198f120,Alex Smith,Flight Attendant,UA4515,A320,7.25,10.25,True,
39ebd61e-0867-4f0c-b01f-dd5113a06e92,Alex Garcia,Flight Attendant,UA4515,A321,7.25,10.25,True,
c3ee0a15-21db-429d-8056-50bdfba17424,Morgan Johnson,Flight Attendant,UA4515,A320,7.25,10.25,True,
ed84bfb5-f9de-4258-9e7b-df3f1d008f58,Casey Lee,Flight Attendant,UA4515,CRJ900,6.95,9.95,True,
d5d18778-288d-4158-b1f0-1ffc976e2ff8,Casey Smith,Flight Attendant,UA4515,B737,6.95,9.95,True,
f516eaf2-3bf2-429b-989f-cb1efa76ddf9,Casey Garcia,Flight Attendant,UA4515,B737,6.95,9.95,True,
226505df-0473-49a2-b117-d329f2119ad5,Taylor Martinez,Captain,UA7241,A320,2.62,4.12,True,
b9f9aca1-0b31-4d44-b8db-0e245be62305,Morgan Garcia,First Officer,UA7241,A321,2.62,4.12,True,
7c481e8d-eecc-425d-8d8a-234cd017a311,Jordan Davis,Flight Attendant,UA7241,A320,2.62,4.12,True,
d4e3a28a-66d1-4a3e-b8b9-dd3d22b56053,Taylor Smith,Flight Attendant,UA7241,CRJ900,2.62,4.12,True,
e3a3abdc-c072-44dc-8bd1-8028f62f139b,Jordan Lee,Flight Attendant,UA7241,A321,2.62,4.12,True,
6440282f-f760-45f3-aa31-1e6ee68fed67,Jamie Brown,Flight Attendant,UA7241,A320,2.62,4.12,True,
7c53e045-71d6-48e9-bccb-c30e2b2cd5da,Taylor Martinez,Captain,UA6844,CRJ900,2.35,3.85,True,
18cb366f-73a7-4f95-bbc7-fe3a226285c1,Taylor Martinez,First Officer,UA6844,B787,2.35,3.85,True,
d1d2602d-9af4-471f-aa3d-0c8a9a05972c,Taylor Lee,Flight Attendant,UA6844,B737,2.35,3.85,True,
3d9bf206-b6d2-4fb4-b6a1-c5cd6381580a,Reese Davis,Flight Attendant,UA6844,B787,2.35,3.85,True,
100096d7-ddf7-4065-baa5-3735036560e3,Avery Brown,Flight Attendant,UA6844,CRJ900,2.35,3.85,True,
298ba9c6-6c92-4e56-8389-84ada25d9b6b,Morgan Smith,Flight Attendant,UA6844,A320,2.35,3.85,True,
0413a951-5c4b-40d5-927d-665dcb536177,Avery Smith,Flight Attendant,UA6844,A321,2.35,3.85,True,
518d9d71-901a-4158-ae74-580c5344aa6f,Jamie Garcia,Flight Attendant,UA6844,B787,2.35,3.85,True,
39bb3062-d178-44d5-a22e-eb038dd6ff92,Casey Johnson,Captain,UA1999,A321,3.33,4.83,True,
7648f9bb-0f49-4390-829e-82cf6c096205,Morgan Davis,First Officer,UA1999,B737,3.33,4.83,True,
e348bf2e-830b-4e24-bc2e-c4a26ad3f2cb,Jordan Lee,Flight Attendant,UA1999,A320,3.33,4.83,True,
2a0e88b3-6464-4942-af14-824e770c6a6b,Morgan Johnson,Flight Attendant,UA1999,A321,3.33,4.83,True,
5ecc524e-c3c7-41b7-8db6-5812c7d8d9d7,Taylor Lee,Flight Attendant,UA1999,B737,3.33,4.83,True,
9e288252-da07-4144-be6c-fcf4af34047f,Morgan Lee,Flight Attendant,UA1999,A321,3.33,4.83,True,
6a1bbbfd-6c82-43db-b609-d678de33d26e,Reese Brown,Flight Attendant,UA1999,B737,3.33,4.83,True,
8caeccc9-a8bc-4238-9fbf-79960708c43a,Morgan Davis,Flight Attendant,UA1999,B737,3.33,4.83,True,
9810c432-ed18-4b4d-94fc-ca3c68750a62,Jamie Garcia,Captain,UA8267,CRJ900,7.52,10.52,True,
ab250234-34f5-488a-b830-2a152f8d71df,Reese Johnson,First Officer,UA8267,A320,7.52,10.52,True,
a3dd202d-2fdb-4fca-aeee-274968185f54,Morgan Garcia,Flight Attendant,UA8267,A321,7.8,10.8,True,
e2d0e3f4-3787-495e-872c-66f1bd574228,Reese Garcia,Flight Attendant,UA8267,B737,7.8,10.8,True,
db48c5b6-1da0-4ab8-996e-ff79f1adac02,Reese Johnson,Flight Attendant,UA8267,A320,7.8,10.8,True,
151f4ad8-eace-4856-aa58-b6626c9c65ee,Jordan Davis,Captain,UA572,CRJ900,7.47,10.47,True,
eeff3009-8fae-4311-9027-01bf70840160,Jordan Garcia,First Officer,UA572,CRJ900,7.47,10.47,True,
5cb5887c-5ac0-4af8-828f-4620a691dd8e,Avery Garcia,Flight Attendant,UA572,B737,7.47,10.47,True,
dac27c3c-47cb-4336-92f8-282fc8edf606,Alex Johnson,Flight Attendant,UA572,B737,7.47,10.47,True,
dc0378cd-e23b-41b8-985c-8c1370a95cf1,Taylor Davis,Flight Attendant,UA572,B737,7.47,10.47,True,
7cc5f8df-46a4-4e65-95dd-880072c97793,Avery Lee,Captain,UA1958,A321,2.23,3.73,True,
a5df6cc9-9c18-4316-9411-4cbdd1c17bfa,Jamie Smith,First Officer,UA1958,B787,2.23,3.73,True,
7ea7994a-b75f-4b2b-85e4-3869b9d256f5,Avery Garcia,Flight Attendant,UA1958,B787,2.23,3.73,True,
4010db6f-83b6-4425-8fb6-fd647c09ef0a,Morgan Brown,Flight Attendant,UA1958,A321,2.23,3.73,True,
f0b2686b-8f8a-4355-b0c4-224bf6fdf59e,Jamie Johnson,Flight Attendant,UA1958,B787,2.23,3.73,True,
9a48ec81-9b7f-4a43-8503-4407ff58f736,Casey Martinez,Flight Attendant,UA1958,B787,2.23,3.73,True,
8c560706-85b1-4859-a3d7-ec7850a69c07,Casey Garcia,Flight Attendant,UA1958,B737,2.23,3.73,True,
e8f79987-1b0c-48b6-b784-7eb2398dd547,Taylor Smith,Flight Attendant,UA1958,CRJ900,2.23,3.73,True,
c31d1b39-27ec-4348-8a15-4a3945c4484e,Casey Lee,Captain,UA8005,A321,3.88,5.38,True,
39ec0759-a2c4-4a4b-b73c-481677a3806a,Alex Martinez,First Officer,UA8005,B737,3.88,5.38,True,
5708d5f4-b114-4a24-b0b6-ccda9d67247f,Jamie Johnson,Flight Attendant,UA8005,B787,3.88,5.38,True,
6019c631-a859-4386-a0e1-e056e1686f81,Jordan Davis,Flight Attendant,UA8005,CRJ900,3.88,5.38,True,
425aa6d9-8cd6-4b1f-9c39-bfb63fa25f5a,Avery Davis,Flight Attendant,UA8005,A320,3.88,5.38,True,
34a45738-d208-46ab-a830-0d7368c61fcf,Jordan Martinez,Flight Attendant,UA8005,A320,3.88,5.38,True,
5f49c02f-3c99-440c-a605-2668c28fe102,Jamie Davis,Flight Attendant,UA8005,CRJ900,3.88,5.38,True,
e7cc56a6-a277-48bf-8460-738730e0b014,Alex Lee,Flight Attendant,UA8005,CRJ900,3.88,5.38,True,
7c53e045-71d6-48e9-bccb-c30e2b2cd5da,Taylor Martinez,Captain,UA2336,B787,7.28,10.28,True,
18cb366f-73a7-4f95-bbc7-fe3a226285c1,Taylor Martinez,First Officer,UA2336,CRJ900,7.28,10.28,True,
d1d2602d-9af4-471f-aa3d-0c8a9a05972c,Taylor Lee,Flight Attendant,UA2336,B737,7.28,10.28,True,
3d9bf206-b6d2-4fb4-b6a1-c5cd6381580a,Reese Davis,Flight Attendant,UA2336,B787,7.28,10.28,True,
100096d7-ddf7-4065-baa5-3735036560e3,Avery Brown,Flight Attendant,UA2336,B787,7.28,10.28,True,
298ba9c6-6c92-4e56-8389-84ada25d9b6b,Morgan Smith,Flight Attendant,UA2336,A320,7.28,10.28,True,
0413a951-5c4b-40d5-927d-665dcb536177,Avery Smith,Flight Attendant,UA2336,A320,7.28,10.28,True,
518d9d71-901a-4158-ae74-580c5344aa6f,Jamie Garcia,Flight Attendant,UA2336,A320,7.28,10.28,True,
200cc00e-cb73-453f-be56-003840a6e938,Alex Martinez,Captain,UA9716,B737,4.32,5.82,True,
4b695152-d78a-456f-a1ad-80d7823dd1c8,Avery Johnson,First Officer,UA9716,A320,4.32,5.82,True,
fba0309c-0e13-4944-b4f6-5e3ececd0946,Casey Johnson,Flight Attendant,UA9716,A321,4.32,5.82,True,
29cc5173-121b-4200-ab39-c49b8d53f2d6,Jordan Davis,Flight Attendant,UA9716,B737,4.32,5.82,True,
2c3032c2-4b87-4146-9a67-518bd310e65b,Taylor Garcia,Flight Attendant,UA9716,B787,4.32,5.82,True,
fbd17c93-06c9-45d7-b4f8-6cec45dfa53b,Jordan Martinez,Captain,UA9003,B737,4.8,6.3,True,
66625dfb-8815-44ff-a38b-cf92f79243cc,Jordan Smith,First Officer,UA9003,B787,4.8,6.3,True,
96a4bd3c-2da5-422d-9043-dcdf631ea02f,Jordan Lee,Flight Attendant,UA9003,B737,4.8,6.3,True,
cfd61699-2237-4c2d-a387-a23729fdf4d5,Casey Johnson,Flight Attendant,UA9003,A321,4.8,6.3,True,
0f8b1fa3-8955-4dff-8740-91654ad40d6b,Reese Smith,Flight Attendant,UA9003,B737,4.8,6.3,True,
9b7749c2-e9db-4476-a7ce-0a3968c48572,Avery Garcia,Flight Attendant,UA9003,B737,4.8,6.3,True,
5677e432-a7df-4c7c-99c4-7b9addfcbc7a,Alex Lee,Captain,UA5313,CRJ900,3.03,4.53,True,
8323907b-dffc-4b8a-b3e0-e6f10de5939c,Alex Garcia,First Officer,UA5313,CRJ900,3.03,4.53,True,
618f0320-e381-4f90-a032-1ddf06cebdea,Jordan Smith,Flight Attendant,UA5313,A321,3.03,4.53,True,
7f06f84f-5cef-4740-b776-81bfa72fe274,Morgan Garcia,Flight Attendant,UA5313,A320,3.03,4.53,True,
39ca59e4-c15f-459e-b1eb-21455eda74f5,Jordan Davis,Flight Attendant,UA5313,A321,3.03,4.53,True,
4d7a3f66-4f08-4d03-92a6-30f4db1b8d4d,Taylor Johnson,Flight Attendant,UA5313,A321,3.03,4.53,True,
4ca5ec8a-8741-429b-98bd-72012d45cd7c,Casey Martinez,Captain,UA9769,CRJ900,2.53,4.03,True,
c36b48db-c76f-46ae-878e-b70d9f66bcc0,Alex Martinez,First Officer,UA9769,B737,2.53,4.03,True,
23cec4dd-f0aa-4cbf-9adb-7672c5d7e69a,Alex Johnson,Flight Attendant,UA9769,B737,2.53,4.03,True,
b265594a-9077-4a06-973a-a4d315d4feac,Jordan Martinez,Flight Attendant,UA9769,A321,2.53,4.03,True,
790a3b42-2948-467d-acf6-7089b837eec2,Morgan Garcia,Flight Attendant,UA9769,A321,2.53,4.03,True,
9673279b-ca73-487d-98d8-661df50a823c,Alex Johnson,Captain,UA2629,B787,3.92,5.42,True,
52aa32f6-d7e8-4ad2-90be-2c03eb880889,Taylor Johnson,First Officer,UA2629,A321,3.92,5.42,True,
d446b736-0ffc-4226-8d8f-73c98223d1db,Alex Smith,Flight Attendant,UA2629,CRJ900,3.92,5.42,True,
a6ac7268-33f9-47b8-8144-e1a3d8f406de,Alex Davis,Flight Attendant,UA2629,A320,3.92,5.42,True,
1b99af98-49fc-4bc1-951d-c81351c2a90e,Reese Garcia,Flight Attendant,UA2629,A321,3.92,5.42,True,
6636345d-f6f0-4d2e-ae77-cd0c40ddc6c7,Casey Brown,Flight Attendant,UA2629,A320,3.92,5.42,True,
55c67192-490a-43f6-a9c7-0860307348da,Taylor Brown,Flight Attendant,UA2629,B737,3.92,5.42,True,
1445109a-dc22-43b5-b760-14181c0bff49,Alex Martinez,Flight Attendant,UA2629,CRJ900,3.92,5.42,True,
dfbf8692-8763-4fc9-8c86-98e9bc03b1ea,Reese Garcia,Captain,UA5483,CRJ900,6.55,9.55,True,
5145da08-bdb9-4346-b675-3aac0c57b69a,Avery Lee,First Officer,UA5483,A321,6.55,9.55,True,
e0989aa4-1c7e-4db2-ab84-c7abab3d7c9e,Morgan Martinez,Flight Attendant,UA5483,A321,6.55,9.55,True,
021ca491-8826-41d0-9fbe-bb46f7bdfc37,Avery Davis,Flight Attendant,UA5483,A321,6.55,9.55,True,
763dd1fb-93f6-48bb-befd-1c2bef1d4115,Jamie Martinez,Flight Attendant,UA5483,B737,6.55,9.55,True,
98cde269-fdf0-4d64-8314-36fc816018a4,Jamie Brown,Captain,UA4808,B787,2.67,4.17,True,
1839e9a5-bb79-412d-b5d2-8773e09b927b,Jordan Garcia,First Officer,UA4808,B737,2.67,4.17,True,
2ea2f718-2493-4e19-8eb5-2b45a59b76be,Jamie Garcia,Flight Attendant,UA4808,B737,2.67,4.17,True,
981ae9de-f4b1-43d5-9612-77d629a00f5f,Morgan Smith,Flight Attendant,UA4808,B787,2.67,4.17,True,
5959246a-34d4-497b-9d3b-4b3857242d87,Alex Smith,Flight Attendant,UA4808,B787,2.67,4.17,True,
6076bf19-3fcc-4d86-a74c-d9f47a1f435f,Reese Martinez,Flight Attendant,UA4808,CRJ900,2.67,4.17,True,
595f8395-9875-4267-8e93-9dcc7abcfe2b,Casey Davis,Flight Attendant,UA4808,A320,2.67,4.17,True,
2f48459c-163c-403b-9fa7-65b134233127,Alex Smith,Flight Attendant,UA4808,B737,2.67,4.17,True,
4ca5ec8a-8741-429b-98bd-72012d45cd7c,Casey Martinez,Captain,UA5006,A321,5.27,8.27,True,
c36b48db-c76f-46ae-878e-b70d9f66bcc0,Alex Martinez,First Officer,UA5006,CRJ900,5.27,8.27,True,
439a03d7-6163-46bb-aa01-3503879e046c,Morgan Lee,Flight Attendant,UA5006,A320,6.6,9.6,True,
3648e238-2a9c-4e7e-9a01-329a38998c20,Casey Johnson,Flight Attendant,UA5006,CRJ900,6.6,9.6,True,
01746b8f-bdb0-4cf1-a688-b9dd0896d496,Jordan Davis,Flight Attendant,UA5006,B787,6.6,9.6,True,
